episode_id,risk_probability,predicted_lost_to_followup,predicted_dropout_stage,priority_tier
E0000002,0.3105,0,Completed care journey,P4
E0000003,0.313,0,Completed care journey,P4
E0000009,0.5858,1,Review not attended,P3
E0000014,0.6543,1,Medicine not collected,P1
E0000018,0.5353,1,Medicine not collected,P2
E0000019,0.4337,0,Completed care journey,P4
E0000021,0.4329,0,Completed care journey,P4
E0000022,0.4432,0,Completed care journey,P4
E0000023,0.308,0,Completed care journey,P4
E0000024,0.6477,1,Medicine not collected,P1
E0000029,0.3011,0,Completed care journey,P4
E0000033,0.6998,1,Review not attended,P3
E0000034,0.4343,0,Completed care journey,P4
E0000045,0.4655,0,Completed care journey,P4
E0000048,0.1987,0,Completed care journey,P4
E0000051,0.4778,0,Completed care journey,P4
E0000055,0.3302,0,Completed care journey,P4
E0000060,0.6971,1,Medicine not collected,P1
E0000073,0.5099,1,Review not attended,P3
E0000076,0.5716,1,Medicine not collected,P2
E0000077,0.5607,1,Medicine not collected,P2
E0000078,0.3431,0,Completed care journey,P4
E0000081,0.4442,0,Completed care journey,P4
E0000083,0.6832,1,Medicine not collected,P1
E0000087,0.273,0,Completed care journey,P4
E0000088,0.4352,0,Completed care journey,P4
E0000089,0.5535,1,Test not completed,P3
E0000092,0.2659,0,Completed care journey,P4
E0000095,0.6206,1,Medicine not collected,P1
E0000098,0.4075,0,Completed care journey,P4
E0000103,0.4419,0,Completed care journey,P4
E0000105,0.289,0,Completed care journey,P4
E0000106,0.43,0,Completed care journey,P4
E0000107,0.3638,0,Completed care journey,P4
E0000108,0.6135,1,Medicine not collected,P2
E0000113,0.6547,1,Medicine not collected,P1
E0000120,0.3495,0,Completed care journey,P4
E0000121,0.5731,1,Test not completed,P3
E0000124,0.4253,0,Completed care journey,P4
E0000125,0.4366,0,Completed care journey,P4
E0000129,0.1815,0,Completed care journey,P4
E0000131,0.2601,0,Completed care journey,P4
E0000132,0.5422,1,Medicine not collected,P2
E0000133,0.4753,0,Completed care journey,P4
E0000136,0.5411,1,Test not completed,P3
E0000141,0.4116,0,Completed care journey,P4
E0000148,0.6889,1,Medicine not collected,P1
E0000149,0.6217,1,Medicine not collected,P1
E0000156,0.4569,0,Completed care journey,P4
E0000165,0.6719,1,Medicine not collected,P1
E0000166,0.6668,1,Medicine not collected,P1
E0000170,0.5324,1,Review not attended,P3
E0000171,0.7037,1,Medicine not collected,P1
E0000172,0.6528,1,Medicine not collected,P1
E0000174,0.4816,0,Completed care journey,P4
E0000176,0.1616,0,Completed care journey,P4
E0000177,0.3918,0,Completed care journey,P4
E0000179,0.5849,1,Medicine not collected,P2
E0000182,0.7146,1,Review not attended,P3
E0000185,0.4873,0,Medicine not collected,P3
E0000187,0.3467,0,Completed care journey,P4
E0000189,0.5515,1,Medicine not collected,P2
E0000190,0.1731,0,Completed care journey,P4
E0000197,0.3343,0,Completed care journey,P4
E0000199,0.3272,0,Completed care journey,P4
E0000200,0.4282,0,Completed care journey,P4
E0000201,0.3627,0,Completed care journey,P4
E0000216,0.3892,0,Completed care journey,P4
E0000220,0.5551,1,Review not attended,P3
E0000227,0.4918,0,Medicine not collected,P3
E0000229,0.4731,0,Completed care journey,P4
E0000230,0.4841,0,Medicine not collected,P3
E0000231,0.5818,1,Medicine not collected,P2
E0000239,0.6508,1,Medicine not collected,P1
E0000244,0.5226,1,Medicine not collected,P3
E0000257,0.6471,1,Review not attended,P3
E0000263,0.5595,1,Medicine not collected,P2
E0000267,0.3117,0,Completed care journey,P4
E0000270,0.3072,0,Completed care journey,P4
E0000271,0.4091,0,Completed care journey,P4
E0000280,0.6403,1,Medicine not collected,P1
E0000287,0.6242,1,Review not attended,P3
E0000302,0.6542,1,Medicine not collected,P1
E0000303,0.5649,1,Medicine not collected,P2
E0000304,0.3677,0,Completed care journey,P4
E0000311,0.3963,0,Completed care journey,P4
E0000312,0.6099,1,Medicine not collected,P2
E0000316,0.4023,0,Completed care journey,P4
E0000317,0.4085,0,Completed care journey,P4
E0000318,0.612,1,Review not attended,P3
E0000327,0.3239,0,Completed care journey,P4
E0000331,0.3011,0,Completed care journey,P4
E0000340,0.4138,0,Completed care journey,P4
E0000341,0.3927,0,Completed care journey,P4
E0000347,0.5023,1,Review not attended,P3
E0000351,0.6805,1,Medicine not collected,P1
E0000353,0.5361,1,Medicine not collected,P2
E0000355,0.5202,1,Medicine not collected,P3
E0000364,0.4612,0,Completed care journey,P4
E0000365,0.7043,1,Medicine not collected,P1
E0000368,0.499,0,Medicine not collected,P3
E0000389,0.6311,1,Medicine not collected,P1
E0000393,0.6488,1,Review not attended,P3
E0000395,0.5683,1,Medicine not collected,P2
E0000397,0.6815,1,Test not completed,P3
E0000402,0.4752,0,Completed care journey,P4
E0000404,0.4061,0,Completed care journey,P4
E0000405,0.4706,0,Completed care journey,P4
E0000410,0.2898,0,Completed care journey,P4
E0000411,0.2562,0,Completed care journey,P4
E0000412,0.5975,1,Medicine not collected,P2
E0000419,0.4357,0,Completed care journey,P4
E0000421,0.695,1,Medicine not collected,P1
E0000422,0.7221,1,Medicine not collected,P1
E0000423,0.4828,0,Completed care journey,P4
E0000430,0.5393,1,Medicine not collected,P2
E0000431,0.5357,1,Medicine not collected,P2
E0000436,0.2943,0,Completed care journey,P4
E0000437,0.4225,0,Completed care journey,P4
E0000438,0.5811,1,Medicine not collected,P2
E0000441,0.5272,1,Medicine not collected,P3
E0000442,0.4828,0,Completed care journey,P4
E0000443,0.5036,1,Medicine not collected,P3
E0000448,0.6088,1,Medicine not collected,P2
E0000450,0.3491,0,Completed care journey,P4
E0000453,0.6281,1,Review not attended,P3
E0000454,0.6113,1,Medicine not collected,P2
E0000459,0.5562,1,Test not completed,P3
E0000461,0.3505,0,Completed care journey,P4
E0000464,0.2785,0,Completed care journey,P4
E0000467,0.6417,1,Medicine not collected,P1
E0000470,0.6935,1,Review not attended,P3
E0000473,0.5043,1,Test not completed,P3
E0000475,0.4545,0,Completed care journey,P4
E0000489,0.4063,0,Completed care journey,P4
E0000498,0.6366,1,Medicine not collected,P1
E0000513,0.2458,0,Completed care journey,P4
E0000514,0.4929,0,Test not completed,P3
E0000515,0.6801,1,Medicine not collected,P1
E0000518,0.491,0,Medicine not collected,P3
E0000519,0.4913,0,Medicine not collected,P3
E0000523,0.6163,1,Review not attended,P3
E0000532,0.4565,0,Completed care journey,P4
E0000534,0.5954,1,Medicine not collected,P2
E0000535,0.453,0,Completed care journey,P4
E0000538,0.4282,0,Completed care journey,P4
E0000539,0.7366,1,Medicine not collected,P1
E0000545,0.3284,0,Completed care journey,P4
E0000555,0.5312,1,Medicine not collected,P2
E0000561,0.6278,1,Medicine not collected,P1
E0000578,0.7155,1,Medicine not collected,P1
E0000580,0.4151,0,Completed care journey,P4
E0000583,0.6232,1,Test not completed,P3
E0000587,0.6622,1,Medicine not collected,P1
E0000589,0.6154,1,Review not attended,P3
E0000599,0.631,1,Review not attended,P3
E0000602,0.5687,1,Medicine not collected,P2
E0000605,0.3478,0,Completed care journey,P4
E0000611,0.3337,0,Completed care journey,P4
E0000621,0.291,0,Completed care journey,P4
E0000627,0.4908,0,Test not completed,P3
E0000634,0.5949,1,Review not attended,P3
E0000640,0.5162,1,Medicine not collected,P3
E0000644,0.3313,0,Completed care journey,P4
E0000652,0.598,1,Medicine not collected,P2
E0000653,0.408,0,Completed care journey,P4
E0000656,0.2205,0,Completed care journey,P4
E0000659,0.2323,0,Completed care journey,P4
E0000661,0.449,0,Completed care journey,P4
E0000670,0.5601,1,Review not attended,P3
E0000672,0.6013,1,Review not attended,P3
E0000674,0.4497,0,Completed care journey,P4
E0000678,0.4247,0,Completed care journey,P4
E0000681,0.594,1,Medicine not collected,P2
E0000685,0.3271,0,Completed care journey,P4
E0000691,0.3556,0,Completed care journey,P4
E0000702,0.5275,1,Review not attended,P3
E0000705,0.6126,1,Test not completed,P3
E0000717,0.4384,0,Completed care journey,P4
E0000721,0.635,1,Review not attended,P3
E0000728,0.6768,1,Test not completed,P3
E0000730,0.3406,0,Completed care journey,P4
E0000741,0.4653,0,Completed care journey,P4
E0000743,0.5046,1,Medicine not collected,P3
E0000767,0.714,1,Medicine not collected,P1
E0000773,0.5066,1,Test not completed,P3
E0000792,0.5159,1,Medicine not collected,P3
E0000795,0.446,0,Completed care journey,P4
E0000805,0.3996,0,Completed care journey,P4
E0000806,0.4703,0,Completed care journey,P4
E0000807,0.7049,1,Medicine not collected,P1
E0000808,0.6677,1,Medicine not collected,P1
E0000813,0.7139,1,Medicine not collected,P1
E0000814,0.5884,1,Medicine not collected,P2
E0000821,0.4012,0,Completed care journey,P4
E0000824,0.3412,0,Completed care journey,P4
E0000826,0.3633,0,Completed care journey,P4
E0000829,0.5205,1,Test not completed,P3
E0000833,0.4344,0,Completed care journey,P4
E0000835,0.2787,0,Completed care journey,P4
E0000838,0.1427,0,Completed care journey,P4
E0000839,0.452,0,Completed care journey,P4
E0000844,0.4657,0,Completed care journey,P4
E0000845,0.45,0,Completed care journey,P4
E0000848,0.4755,0,Completed care journey,P4
E0000851,0.3049,0,Completed care journey,P4
E0000855,0.5596,1,Medicine not collected,P2
E0000861,0.3935,0,Completed care journey,P4
E0000862,0.4526,0,Completed care journey,P4
E0000866,0.2742,0,Completed care journey,P4
E0000869,0.5608,1,Medicine not collected,P2
E0000870,0.4861,0,Medicine not collected,P3
E0000871,0.3489,0,Completed care journey,P4
E0000873,0.2968,0,Completed care journey,P4
E0000879,0.6835,1,Medicine not collected,P1
E0000881,0.5092,1,Medicine not collected,P3
E0000890,0.3052,0,Completed care journey,P4
E0000894,0.2964,0,Completed care journey,P4
E0000896,0.4722,0,Completed care journey,P4
E0000898,0.5037,1,Medicine not collected,P3
E0000900,0.329,0,Completed care journey,P4
E0000902,0.3473,0,Completed care journey,P4
E0000909,0.5586,1,Medicine not collected,P2
E0000911,0.5465,1,Medicine not collected,P2
E0000914,0.5893,1,Medicine not collected,P2
E0000917,0.4652,0,Completed care journey,P4
E0000923,0.5709,1,Medicine not collected,P2
E0000925,0.4617,0,Completed care journey,P4
E0000928,0.2977,0,Completed care journey,P4
E0000929,0.5697,1,Medicine not collected,P2
E0000941,0.5359,1,Medicine not collected,P2
E0000944,0.3859,0,Completed care journey,P4
E0000947,0.3728,0,Completed care journey,P4
E0000951,0.2021,0,Completed care journey,P4
E0000961,0.694,1,Medicine not collected,P1
E0000962,0.2863,0,Completed care journey,P4
E0000970,0.5513,1,Test not completed,P3
E0000971,0.4795,0,Completed care journey,P4
E0000973,0.443,0,Completed care journey,P4
E0000980,0.6473,1,Medicine not collected,P1
E0000982,0.3374,0,Completed care journey,P4
E0000983,0.3357,0,Completed care journey,P4
E0000987,0.6565,1,Medicine not collected,P1
E0000991,0.4635,0,Completed care journey,P4
E0000996,0.3873,0,Completed care journey,P4
E0000997,0.3405,0,Completed care journey,P4
E0001003,0.6176,1,Medicine not collected,P2
E0001006,0.5008,1,Medicine not collected,P3
E0001008,0.2657,0,Completed care journey,P4
E0001010,0.1898,0,Completed care journey,P4
E0001012,0.6812,1,Medicine not collected,P1
E0001014,0.5317,1,Review not attended,P3
E0001015,0.4307,0,Completed care journey,P4
E0001018,0.3976,0,Completed care journey,P4
E0001021,0.5101,1,Medicine not collected,P3
E0001026,0.4978,0,Review not attended,P3
E0001043,0.6099,1,Medicine not collected,P2
E0001045,0.6705,1,Medicine not collected,P1
E0001047,0.5337,1,Medicine not collected,P2
E0001050,0.3542,0,Completed care journey,P4
E0001058,0.3987,0,Completed care journey,P4
E0001064,0.4984,0,Medicine not collected,P3
E0001068,0.4632,0,Completed care journey,P4
E0001075,0.3362,0,Completed care journey,P4
E0001084,0.6484,1,Medicine not collected,P1
E0001088,0.4945,0,Test not completed,P3
E0001090,0.4678,0,Completed care journey,P4
E0001092,0.6775,1,Review not attended,P3
E0001108,0.5309,1,Review not attended,P3
E0001115,0.4434,0,Completed care journey,P4
E0001123,0.4399,0,Completed care journey,P4
E0001124,0.4647,0,Completed care journey,P4
E0001125,0.4204,0,Completed care journey,P4
E0001134,0.2471,0,Completed care journey,P4
E0001139,0.4354,0,Completed care journey,P4
E0001140,0.3285,0,Completed care journey,P4
E0001142,0.4651,0,Completed care journey,P4
E0001143,0.5841,1,Review not attended,P3
E0001149,0.5817,1,Medicine not collected,P2
E0001151,0.6326,1,Test not completed,P3
E0001153,0.4292,0,Completed care journey,P4
E0001166,0.55,1,Test not completed,P3
E0001167,0.2746,0,Completed care journey,P4
E0001169,0.2993,0,Completed care journey,P4
E0001173,0.3357,0,Completed care journey,P4
E0001179,0.6068,1,Medicine not collected,P2
E0001183,0.4913,0,Test not completed,P3
E0001185,0.3964,0,Completed care journey,P4
E0001194,0.4141,0,Completed care journey,P4
E0001197,0.6382,1,Medicine not collected,P1
E0001198,0.2074,0,Completed care journey,P4
E0001200,0.4913,0,Medicine not collected,P3
E0001202,0.3711,0,Completed care journey,P4
E0001204,0.6536,1,Medicine not collected,P1
E0001207,0.3189,0,Completed care journey,P4
E0001208,0.349,0,Completed care journey,P4
E0001212,0.4935,0,Medicine not collected,P3
E0001220,0.4718,0,Completed care journey,P4
E0001222,0.296,0,Completed care journey,P4
E0001224,0.6458,1,Medicine not collected,P1
E0001226,0.3372,0,Completed care journey,P4
E0001233,0.5803,1,Medicine not collected,P2
E0001249,0.3693,0,Completed care journey,P4
E0001262,0.5875,1,Medicine not collected,P2
E0001264,0.5323,1,Medicine not collected,P2
E0001267,0.4509,0,Completed care journey,P4
E0001268,0.1602,0,Completed care journey,P4
E0001272,0.3091,0,Completed care journey,P4
E0001278,0.4028,0,Completed care journey,P4
E0001291,0.4591,0,Completed care journey,P4
E0001293,0.493,0,Medicine not collected,P3
E0001294,0.4285,0,Completed care journey,P4
E0001298,0.4398,0,Completed care journey,P4
E0001299,0.3288,0,Completed care journey,P4
E0001312,0.4021,0,Completed care journey,P4
E0001314,0.6696,1,Medicine not collected,P1
E0001315,0.6047,1,Review not attended,P3
E0001318,0.4435,0,Completed care journey,P4
E0001324,0.3914,0,Completed care journey,P4
E0001328,0.7141,1,Medicine not collected,P1
E0001335,0.3472,0,Completed care journey,P4
E0001336,0.5609,1,Test not completed,P3
E0001337,0.4386,0,Completed care journey,P4
E0001340,0.5882,1,Medicine not collected,P2
E0001345,0.1258,0,Completed care journey,P4
E0001347,0.5663,1,Medicine not collected,P2
E0001355,0.4813,0,Completed care journey,P4
E0001359,0.344,0,Completed care journey,P4
E0001363,0.6369,1,Medicine not collected,P1
E0001365,0.422,0,Completed care journey,P4
E0001366,0.5881,1,Medicine not collected,P2
E0001368,0.3009,0,Completed care journey,P4
E0001373,0.4693,0,Completed care journey,P4
E0001375,0.4293,0,Completed care journey,P4
E0001377,0.3941,0,Completed care journey,P4
E0001382,0.4311,0,Completed care journey,P4
E0001386,0.4611,0,Completed care journey,P4
E0001394,0.2123,0,Completed care journey,P4
E0001400,0.4939,0,Medicine not collected,P3
E0001401,0.6565,1,Medicine not collected,P1
E0001406,0.6892,1,Test not completed,P3
E0001408,0.6975,1,Medicine not collected,P1
E0001411,0.4173,0,Completed care journey,P4
E0001413,0.5963,1,Medicine not collected,P2
E0001434,0.4866,0,Medicine not collected,P3
E0001436,0.6684,1,Test not completed,P3
E0001444,0.6545,1,Medicine not collected,P1
E0001445,0.5814,1,Medicine not collected,P2
E0001447,0.4282,0,Completed care journey,P4
E0001448,0.6854,1,Medicine not collected,P1
E0001451,0.4226,0,Completed care journey,P4
E0001453,0.6767,1,Review not attended,P3
E0001454,0.5764,1,Test not completed,P3
E0001463,0.6543,1,Review not attended,P3
E0001468,0.5515,1,Medicine not collected,P2
E0001474,0.5972,1,Medicine not collected,P2
E0001477,0.5706,1,Medicine not collected,P2
E0001481,0.6654,1,Medicine not collected,P1
E0001494,0.4776,0,Completed care journey,P4
E0001500,0.422,0,Completed care journey,P4
E0001502,0.5883,1,Medicine not collected,P2
E0001522,0.6267,1,Review not attended,P3
E0001530,0.7091,1,Medicine not collected,P1
E0001532,0.6439,1,Medicine not collected,P1
E0001533,0.4686,0,Completed care journey,P4
E0001534,0.6962,1,Medicine not collected,P1
E0001544,0.4179,0,Completed care journey,P4
E0001550,0.312,0,Completed care journey,P4
E0001555,0.4356,0,Completed care journey,P4
E0001562,0.2145,0,Completed care journey,P4
E0001564,0.5869,1,Medicine not collected,P2
E0001565,0.539,1,Medicine not collected,P2
E0001570,0.5441,1,Test not completed,P3
E0001574,0.5101,1,Medicine not collected,P3
E0001576,0.461,0,Completed care journey,P4
E0001577,0.4324,0,Completed care journey,P4
E0001582,0.3038,0,Completed care journey,P4
E0001589,0.5292,1,Test not completed,P3
E0001591,0.4842,0,Test not completed,P3
E0001592,0.4907,0,Review not attended,P3
E0001594,0.5317,1,Medicine not collected,P2
E0001596,0.3334,0,Completed care journey,P4
E0001609,0.5338,1,Medicine not collected,P2
E0001611,0.4358,0,Completed care journey,P4
E0001614,0.208,0,Completed care journey,P4
E0001627,0.6428,1,Medicine not collected,P1
E0001631,0.5166,1,Test not completed,P3
E0001633,0.4401,0,Completed care journey,P4
E0001634,0.582,1,Test not completed,P3
E0001635,0.3131,0,Completed care journey,P4
E0001638,0.5766,1,Medicine not collected,P2
E0001644,0.6589,1,Medicine not collected,P1
E0001645,0.3921,0,Completed care journey,P4
E0001648,0.5373,1,Test not completed,P3
E0001649,0.4734,0,Completed care journey,P4
E0001653,0.5168,1,Review not attended,P3
E0001655,0.4741,0,Completed care journey,P4
E0001665,0.5848,1,Medicine not collected,P2
E0001667,0.5461,1,Medicine not collected,P2
E0001670,0.5626,1,Test not completed,P3
E0001685,0.4592,0,Completed care journey,P4
E0001686,0.516,1,Test not completed,P3
E0001687,0.5714,1,Medicine not collected,P2
E0001690,0.3218,0,Completed care journey,P4
E0001691,0.5982,1,Test not completed,P3
E0001692,0.2755,0,Completed care journey,P4
E0001693,0.4555,0,Completed care journey,P4
E0001696,0.4967,0,Medicine not collected,P3
E0001700,0.462,0,Completed care journey,P4
E0001704,0.2009,0,Completed care journey,P4
E0001708,0.5793,1,Medicine not collected,P2
E0001722,0.439,0,Completed care journey,P4
E0001726,0.4476,0,Completed care journey,P4
E0001730,0.5563,1,Medicine not collected,P2
E0001741,0.6877,1,Review not attended,P3
E0001742,0.5933,1,Medicine not collected,P2
E0001751,0.5641,1,Medicine not collected,P2
E0001754,0.6788,1,Medicine not collected,P1
E0001757,0.3981,0,Completed care journey,P4
E0001760,0.6132,1,Review not attended,P3
E0001761,0.6392,1,Medicine not collected,P1
E0001763,0.2378,0,Completed care journey,P4
E0001772,0.2873,0,Completed care journey,P4
E0001776,0.4619,0,Completed care journey,P4
E0001784,0.525,1,Medicine not collected,P3
E0001788,0.5412,1,Medicine not collected,P2
E0001791,0.4353,0,Completed care journey,P4
E0001792,0.6467,1,Medicine not collected,P1
E0001797,0.3323,0,Completed care journey,P4
E0001808,0.6686,1,Medicine not collected,P1
E0001809,0.6906,1,Medicine not collected,P1
E0001810,0.487,0,Medicine not collected,P3
E0001812,0.5568,1,Medicine not collected,P2
E0001820,0.6166,1,Medicine not collected,P2
E0001825,0.6484,1,Medicine not collected,P1
E0001827,0.4124,0,Completed care journey,P4
E0001830,0.3525,0,Completed care journey,P4
E0001832,0.4039,0,Completed care journey,P4
E0001834,0.6311,1,Medicine not collected,P1
E0001839,0.3709,0,Completed care journey,P4
E0001842,0.5998,1,Review not attended,P3
E0001847,0.3581,0,Completed care journey,P4
E0001848,0.4854,0,Medicine not collected,P3
E0001852,0.4544,0,Completed care journey,P4
E0001856,0.5868,1,Medicine not collected,P2
E0001857,0.3079,0,Completed care journey,P4
E0001868,0.6803,1,Medicine not collected,P1
E0001873,0.6751,1,Test not completed,P3
E0001877,0.6286,1,Medicine not collected,P1
E0001889,0.6305,1,Medicine not collected,P1
E0001891,0.5106,1,Medicine not collected,P3
E0001894,0.2849,0,Completed care journey,P4
E0001898,0.6576,1,Review not attended,P3
E0001906,0.6323,1,Review not attended,P3
E0001908,0.56,1,Review not attended,P3
E0001909,0.5273,1,Test not completed,P3
E0001918,0.5181,1,Medicine not collected,P3
E0001922,0.6501,1,Medicine not collected,P1
E0001928,0.6056,1,Medicine not collected,P2
E0001931,0.4586,0,Completed care journey,P4
E0001933,0.6106,1,Review not attended,P3
E0001934,0.302,0,Completed care journey,P4
E0001939,0.5071,1,Test not completed,P3
E0001940,0.5485,1,Review not attended,P3
E0001944,0.4943,0,Medicine not collected,P3
E0001945,0.5749,1,Medicine not collected,P2
E0001957,0.344,0,Completed care journey,P4
E0001958,0.6231,1,Medicine not collected,P1
E0001967,0.4009,0,Completed care journey,P4
E0001968,0.451,0,Completed care journey,P4
E0001972,0.7256,1,Medicine not collected,P1
E0001973,0.3619,0,Completed care journey,P4
E0001982,0.3192,0,Completed care journey,P4
E0001983,0.2111,0,Completed care journey,P4
E0001984,0.1789,0,Completed care journey,P4
E0001987,0.3166,0,Completed care journey,P4
E0001999,0.3306,0,Completed care journey,P4
E0002003,0.3721,0,Completed care journey,P4
E0002009,0.7092,1,Medicine not collected,P1
E0002013,0.3521,0,Completed care journey,P4
E0002017,0.5125,1,Medicine not collected,P3
E0002023,0.333,0,Completed care journey,P4
E0002026,0.4812,0,Completed care journey,P4
E0002028,0.5114,1,Review not attended,P3
E0002030,0.4426,0,Completed care journey,P4
E0002041,0.6721,1,Medicine not collected,P1
E0002045,0.5028,1,Test not completed,P3
E0002052,0.2439,0,Completed care journey,P4
E0002053,0.6467,1,Medicine not collected,P1
E0002057,0.4735,0,Completed care journey,P4
E0002066,0.4614,0,Completed care journey,P4
E0002071,0.463,0,Completed care journey,P4
E0002074,0.4635,0,Completed care journey,P4
E0002079,0.577,1,Medicine not collected,P2
E0002081,0.3532,0,Completed care journey,P4
E0002083,0.6361,1,Medicine not collected,P1
E0002084,0.1604,0,Completed care journey,P4
E0002085,0.5816,1,Medicine not collected,P2
E0002086,0.5563,1,Medicine not collected,P2
E0002091,0.6519,1,Medicine not collected,P1
E0002097,0.3798,0,Completed care journey,P4
E0002100,0.4929,0,Test not completed,P3
E0002101,0.5353,1,Medicine not collected,P2
E0002105,0.4163,0,Completed care journey,P4
E0002109,0.5776,1,Medicine not collected,P2
E0002111,0.626,1,Medicine not collected,P1
E0002112,0.6819,1,Medicine not collected,P1
E0002113,0.4517,0,Completed care journey,P4
E0002128,0.5187,1,Medicine not collected,P3
E0002130,0.7185,1,Medicine not collected,P1
E0002136,0.5384,1,Medicine not collected,P2
E0002138,0.5695,1,Medicine not collected,P2
E0002139,0.3243,0,Completed care journey,P4
E0002140,0.5516,1,Test not completed,P3
E0002141,0.6703,1,Medicine not collected,P1
E0002144,0.401,0,Completed care journey,P4
E0002149,0.653,1,Medicine not collected,P1
E0002155,0.4124,0,Completed care journey,P4
E0002158,0.4207,0,Completed care journey,P4
E0002160,0.4633,0,Completed care journey,P4
E0002168,0.1485,0,Completed care journey,P4
E0002174,0.6821,1,Medicine not collected,P1
E0002176,0.3078,0,Completed care journey,P4
E0002177,0.4708,0,Completed care journey,P4
E0002179,0.2604,0,Completed care journey,P4
E0002180,0.7227,1,Medicine not collected,P1
E0002187,0.3803,0,Completed care journey,P4
E0002189,0.6904,1,Test not completed,P3
E0002190,0.4462,0,Completed care journey,P4
E0002192,0.6973,1,Medicine not collected,P1
E0002198,0.6467,1,Medicine not collected,P1
E0002200,0.6109,1,Medicine not collected,P2
E0002201,0.4236,0,Completed care journey,P4
E0002209,0.3806,0,Completed care journey,P4
E0002212,0.2846,0,Completed care journey,P4
E0002216,0.4062,0,Completed care journey,P4
E0002221,0.6184,1,Medicine not collected,P1
E0002222,0.1966,0,Completed care journey,P4
E0002231,0.4724,0,Completed care journey,P4
E0002235,0.4632,0,Completed care journey,P4
E0002239,0.6651,1,Medicine not collected,P1
E0002241,0.4602,0,Completed care journey,P4
E0002243,0.5762,1,Medicine not collected,P2
E0002245,0.4527,0,Completed care journey,P4
E0002250,0.6131,1,Medicine not collected,P2
E0002255,0.6922,1,Medicine not collected,P1
E0002260,0.6502,1,Medicine not collected,P1
E0002264,0.6579,1,Medicine not collected,P1
E0002272,0.4372,0,Completed care journey,P4
E0002276,0.655,1,Medicine not collected,P1
E0002279,0.4383,0,Completed care journey,P4
E0002282,0.4886,0,Test not completed,P3
E0002284,0.1935,0,Completed care journey,P4
E0002295,0.6588,1,Medicine not collected,P1
E0002304,0.4629,0,Completed care journey,P4
E0002305,0.5701,1,Medicine not collected,P2
E0002311,0.4312,0,Completed care journey,P4
E0002313,0.5878,1,Review not attended,P3
E0002319,0.3887,0,Completed care journey,P4
E0002321,0.4034,0,Completed care journey,P4
E0002322,0.3143,0,Completed care journey,P4
E0002328,0.2209,0,Completed care journey,P4
E0002334,0.6682,1,Medicine not collected,P1
E0002337,0.3395,0,Completed care journey,P4
E0002339,0.2128,0,Completed care journey,P4
E0002344,0.565,1,Test not completed,P3
E0002353,0.5659,1,Medicine not collected,P2
E0002362,0.4878,0,Medicine not collected,P3
E0002366,0.6184,1,Medicine not collected,P1
E0002370,0.6814,1,Review not attended,P3
E0002373,0.4478,0,Completed care journey,P4
E0002374,0.6237,1,Medicine not collected,P1
E0002379,0.4858,0,Test not completed,P3
E0002380,0.6386,1,Medicine not collected,P1
E0002381,0.3481,0,Completed care journey,P4
E0002391,0.4498,0,Completed care journey,P4
E0002400,0.2709,0,Completed care journey,P4
E0002402,0.2559,0,Completed care journey,P4
E0002403,0.2962,0,Completed care journey,P4
E0002405,0.3038,0,Completed care journey,P4
E0002415,0.334,0,Completed care journey,P4
E0002416,0.4454,0,Completed care journey,P4
E0002419,0.5649,1,Medicine not collected,P2
E0002421,0.6018,1,Medicine not collected,P2
E0002425,0.5652,1,Medicine not collected,P2
E0002429,0.2769,0,Completed care journey,P4
E0002432,0.4219,0,Completed care journey,P4
E0002447,0.4748,0,Completed care journey,P4
E0002454,0.3514,0,Completed care journey,P4
E0002462,0.3526,0,Completed care journey,P4
E0002467,0.4285,0,Completed care journey,P4
E0002472,0.451,0,Completed care journey,P4
E0002476,0.7166,1,Medicine not collected,P1
E0002482,0.6144,1,Medicine not collected,P2
E0002485,0.598,1,Test not completed,P3
E0002486,0.3309,0,Completed care journey,P4
E0002493,0.5788,1,Medicine not collected,P2
E0002507,0.4502,0,Completed care journey,P4
E0002512,0.4398,0,Completed care journey,P4
E0002516,0.2821,0,Completed care journey,P4
E0002517,0.132,0,Completed care journey,P4
E0002525,0.6386,1,Test not completed,P3
E0002533,0.5044,1,Review not attended,P3
E0002552,0.517,1,Medicine not collected,P3
E0002553,0.3079,0,Completed care journey,P4
E0002554,0.1891,0,Completed care journey,P4
E0002558,0.563,1,Medicine not collected,P2
E0002559,0.3531,0,Completed care journey,P4
E0002562,0.6446,1,Medicine not collected,P1
E0002579,0.3784,0,Completed care journey,P4
E0002582,0.6537,1,Review not attended,P3
E0002583,0.6411,1,Medicine not collected,P1
E0002589,0.2882,0,Completed care journey,P4
E0002600,0.5052,1,Medicine not collected,P3
E0002602,0.4848,0,Medicine not collected,P3
E0002603,0.6714,1,Medicine not collected,P1
E0002611,0.6329,1,Review not attended,P3
E0002614,0.3906,0,Completed care journey,P4
E0002619,0.7173,1,Medicine not collected,P1
E0002620,0.5182,1,Medicine not collected,P3
E0002627,0.1154,0,Completed care journey,P4
E0002629,0.6899,1,Medicine not collected,P1
E0002631,0.4946,0,Medicine not collected,P3
E0002634,0.1889,0,Completed care journey,P4
E0002637,0.5685,1,Review not attended,P3
E0002639,0.2512,0,Completed care journey,P4
E0002652,0.6972,1,Test not completed,P3
E0002656,0.6242,1,Medicine not collected,P1
E0002669,0.4796,0,Completed care journey,P4
E0002684,0.2877,0,Completed care journey,P4
E0002685,0.4422,0,Completed care journey,P4
E0002687,0.1539,0,Completed care journey,P4
E0002691,0.4576,0,Completed care journey,P4
E0002692,0.4414,0,Completed care journey,P4
E0002699,0.5496,1,Medicine not collected,P2
E0002700,0.4012,0,Completed care journey,P4
E0002708,0.4081,0,Completed care journey,P4
E0002709,0.503,1,Test not completed,P3
E0002710,0.4316,0,Completed care journey,P4
E0002713,0.4383,0,Completed care journey,P4
E0002714,0.6236,1,Review not attended,P3
E0002724,0.5985,1,Medicine not collected,P2
E0002731,0.5356,1,Medicine not collected,P2
E0002734,0.4427,0,Completed care journey,P4
E0002737,0.5995,1,Medicine not collected,P2
E0002744,0.5997,1,Medicine not collected,P2
E0002747,0.4974,0,Medicine not collected,P3
E0002750,0.3867,0,Completed care journey,P4
E0002751,0.4861,0,Medicine not collected,P3
E0002755,0.6246,1,Review not attended,P3
E0002760,0.7042,1,Medicine not collected,P1
E0002761,0.6951,1,Medicine not collected,P1
E0002764,0.3181,0,Completed care journey,P4
E0002768,0.6661,1,Medicine not collected,P1
E0002771,0.2907,0,Completed care journey,P4
E0002776,0.6398,1,Medicine not collected,P1
E0002779,0.4276,0,Completed care journey,P4
E0002783,0.5883,1,Medicine not collected,P2
E0002785,0.6732,1,Medicine not collected,P1
E0002788,0.3065,0,Completed care journey,P4
E0002789,0.498,0,Test not completed,P3
E0002796,0.262,0,Completed care journey,P4
E0002797,0.2263,0,Completed care journey,P4
E0002802,0.4729,0,Completed care journey,P4
E0002817,0.2994,0,Completed care journey,P4
E0002819,0.5272,1,Test not completed,P3
E0002823,0.1903,0,Completed care journey,P4
E0002825,0.3697,0,Completed care journey,P4
E0002828,0.585,1,Medicine not collected,P2
E0002829,0.4422,0,Completed care journey,P4
E0002837,0.5297,1,Medicine not collected,P2
E0002845,0.6307,1,Medicine not collected,P1
E0002850,0.4431,0,Completed care journey,P4
E0002858,0.5416,1,Medicine not collected,P2
E0002869,0.4712,0,Completed care journey,P4
E0002878,0.29,0,Completed care journey,P4
E0002880,0.2696,0,Completed care journey,P4
E0002884,0.5202,1,Review not attended,P3
E0002885,0.6798,1,Medicine not collected,P1
E0002886,0.622,1,Medicine not collected,P1
E0002893,0.2777,0,Completed care journey,P4
E0002897,0.6706,1,Medicine not collected,P1
E0002900,0.63,1,Review not attended,P3
E0002901,0.6542,1,Review not attended,P3
E0002905,0.2894,0,Completed care journey,P4
E0002910,0.4218,0,Completed care journey,P4
E0002919,0.5898,1,Medicine not collected,P2
E0002921,0.2912,0,Completed care journey,P4
E0002926,0.3969,0,Completed care journey,P4
E0002928,0.4601,0,Completed care journey,P4
E0002931,0.2332,0,Completed care journey,P4
E0002948,0.2023,0,Completed care journey,P4
E0002949,0.5727,1,Medicine not collected,P2
E0002951,0.6284,1,Medicine not collected,P1
E0002954,0.5088,1,Test not completed,P3
E0002959,0.4451,0,Completed care journey,P4
E0002972,0.3043,0,Completed care journey,P4
E0002977,0.4663,0,Completed care journey,P4
E0002980,0.6083,1,Medicine not collected,P2
E0002981,0.1549,0,Completed care journey,P4
E0002987,0.1392,0,Completed care journey,P4
E0002988,0.6518,1,Review not attended,P3
E0002989,0.5852,1,Review not attended,P3
E0002996,0.2545,0,Completed care journey,P4
E0003000,0.3745,0,Completed care journey,P4
E0003003,0.543,1,Medicine not collected,P2
E0003006,0.5367,1,Review not attended,P3
E0003008,0.4739,0,Completed care journey,P4
E0003009,0.4793,0,Completed care journey,P4
E0003010,0.6562,1,Test not completed,P3
E0003011,0.2936,0,Completed care journey,P4
E0003012,0.1659,0,Completed care journey,P4
E0003030,0.508,1,Review not attended,P3
E0003031,0.5074,1,Review not attended,P3
E0003033,0.4675,0,Completed care journey,P4
E0003034,0.4835,0,Medicine not collected,P3
E0003037,0.4085,0,Completed care journey,P4
E0003040,0.5989,1,Medicine not collected,P2
E0003043,0.1738,0,Completed care journey,P4
E0003044,0.4099,0,Completed care journey,P4
E0003048,0.4212,0,Completed care journey,P4
E0003059,0.4887,0,Medicine not collected,P3
E0003064,0.6583,1,Medicine not collected,P1
E0003067,0.3925,0,Completed care journey,P4
E0003070,0.4298,0,Completed care journey,P4
E0003071,0.4438,0,Completed care journey,P4
E0003074,0.5864,1,Review not attended,P3
E0003076,0.348,0,Completed care journey,P4
E0003077,0.454,0,Completed care journey,P4
E0003088,0.5536,1,Test not completed,P3
E0003096,0.5519,1,Review not attended,P3
E0003099,0.7008,1,Medicine not collected,P1
E0003101,0.4022,0,Completed care journey,P4
E0003103,0.7182,1,Medicine not collected,P1
E0003107,0.5554,1,Test not completed,P3
E0003108,0.4681,0,Completed care journey,P4
E0003109,0.2688,0,Completed care journey,P4
E0003111,0.5146,1,Review not attended,P3
E0003112,0.3143,0,Completed care journey,P4
E0003114,0.5962,1,Medicine not collected,P2
E0003116,0.6207,1,Medicine not collected,P1
E0003117,0.3123,0,Completed care journey,P4
E0003126,0.5274,1,Review not attended,P3
E0003130,0.558,1,Test not completed,P3
E0003133,0.7024,1,Medicine not collected,P1
E0003135,0.6488,1,Medicine not collected,P1
E0003140,0.5583,1,Medicine not collected,P2
E0003142,0.3504,0,Completed care journey,P4
E0003144,0.3202,0,Completed care journey,P4
E0003145,0.4673,0,Completed care journey,P4
E0003148,0.5142,1,Review not attended,P3
E0003150,0.6622,1,Medicine not collected,P1
E0003151,0.2868,0,Completed care journey,P4
E0003154,0.4334,0,Completed care journey,P4
E0003161,0.444,0,Completed care journey,P4
E0003165,0.2523,0,Completed care journey,P4
E0003174,0.3461,0,Completed care journey,P4
E0003176,0.6853,1,Medicine not collected,P1
E0003179,0.4957,0,Medicine not collected,P3
E0003185,0.661,1,Medicine not collected,P1
E0003186,0.6978,1,Medicine not collected,P1
E0003187,0.698,1,Medicine not collected,P1
E0003189,0.4503,0,Completed care journey,P4
E0003190,0.4002,0,Completed care journey,P4
E0003191,0.3957,0,Completed care journey,P4
E0003192,0.4455,0,Completed care journey,P4
E0003197,0.6951,1,Medicine not collected,P1
E0003211,0.4806,0,Completed care journey,P4
E0003212,0.4762,0,Completed care journey,P4
E0003214,0.6841,1,Medicine not collected,P1
E0003217,0.2794,0,Completed care journey,P4
E0003220,0.2695,0,Completed care journey,P4
E0003222,0.2693,0,Completed care journey,P4
E0003226,0.6342,1,Medicine not collected,P1
E0003228,0.5071,1,Medicine not collected,P3
E0003229,0.4422,0,Completed care journey,P4
E0003233,0.297,0,Completed care journey,P4
E0003239,0.6963,1,Medicine not collected,P1
E0003243,0.5012,1,Review not attended,P3
E0003246,0.5729,1,Medicine not collected,P2
E0003248,0.6298,1,Medicine not collected,P1
E0003250,0.3497,0,Completed care journey,P4
E0003252,0.2971,0,Completed care journey,P4
E0003256,0.4537,0,Completed care journey,P4
E0003260,0.685,1,Review not attended,P3
E0003276,0.4744,0,Completed care journey,P4
E0003281,0.414,0,Completed care journey,P4
E0003285,0.4086,0,Completed care journey,P4
E0003287,0.6511,1,Medicine not collected,P1
E0003295,0.4282,0,Completed care journey,P4
E0003298,0.41,0,Completed care journey,P4
E0003299,0.2874,0,Completed care journey,P4
E0003304,0.535,1,Medicine not collected,P2
E0003305,0.5864,1,Review not attended,P3
E0003307,0.3269,0,Completed care journey,P4
E0003309,0.447,0,Completed care journey,P4
E0003313,0.6279,1,Review not attended,P3
E0003318,0.2967,0,Completed care journey,P4
E0003321,0.4366,0,Completed care journey,P4
E0003325,0.5663,1,Medicine not collected,P2
E0003327,0.7154,1,Medicine not collected,P1
E0003335,0.6079,1,Test not completed,P3
E0003340,0.4478,0,Completed care journey,P4
E0003345,0.3911,0,Completed care journey,P4
E0003352,0.2629,0,Completed care journey,P4
E0003360,0.4411,0,Completed care journey,P4
E0003361,0.5444,1,Medicine not collected,P2
E0003362,0.4969,0,Medicine not collected,P3
E0003365,0.5628,1,Test not completed,P3
E0003366,0.442,0,Completed care journey,P4
E0003367,0.6337,1,Medicine not collected,P1
E0003368,0.6842,1,Test not completed,P3
E0003372,0.2708,0,Completed care journey,P4
E0003374,0.308,0,Completed care journey,P4
E0003377,0.5287,1,Medicine not collected,P3
E0003378,0.3644,0,Completed care journey,P4
E0003381,0.689,1,Medicine not collected,P1
E0003382,0.201,0,Completed care journey,P4
E0003385,0.6343,1,Medicine not collected,P1
E0003392,0.5367,1,Test not completed,P3
E0003398,0.616,1,Review not attended,P3
E0003401,0.4589,0,Completed care journey,P4
E0003403,0.4619,0,Completed care journey,P4
E0003410,0.6978,1,Review not attended,P3
E0003418,0.4129,0,Completed care journey,P4
E0003430,0.4443,0,Completed care journey,P4
E0003431,0.687,1,Medicine not collected,P1
E0003435,0.4349,0,Completed care journey,P4
E0003438,0.3607,0,Completed care journey,P4
E0003441,0.6022,1,Medicine not collected,P2
E0003442,0.4104,0,Completed care journey,P4
E0003444,0.4373,0,Completed care journey,P4
E0003446,0.4975,0,Review not attended,P3
E0003453,0.6409,1,Medicine not collected,P1
E0003463,0.5279,1,Medicine not collected,P3
E0003468,0.4018,0,Completed care journey,P4
E0003471,0.6141,1,Medicine not collected,P2
E0003473,0.4876,0,Review not attended,P3
E0003479,0.3984,0,Completed care journey,P4
E0003481,0.2818,0,Completed care journey,P4
E0003489,0.3569,0,Completed care journey,P4
E0003491,0.399,0,Completed care journey,P4
E0003492,0.4646,0,Completed care journey,P4
E0003493,0.6587,1,Review not attended,P3
E0003502,0.3454,0,Completed care journey,P4
E0003504,0.4724,0,Completed care journey,P4
E0003505,0.4438,0,Completed care journey,P4
E0003510,0.4031,0,Completed care journey,P4
E0003518,0.5241,1,Medicine not collected,P3
E0003523,0.5873,1,Medicine not collected,P2
E0003524,0.5626,1,Test not completed,P3
E0003532,0.6019,1,Medicine not collected,P2
E0003537,0.6104,1,Review not attended,P3
E0003542,0.4758,0,Completed care journey,P4
E0003545,0.5738,1,Medicine not collected,P2
E0003548,0.4206,0,Completed care journey,P4
E0003551,0.4941,0,Medicine not collected,P3
E0003552,0.7061,1,Medicine not collected,P1
E0003553,0.2958,0,Completed care journey,P4
E0003560,0.4804,0,Completed care journey,P4
E0003567,0.1412,0,Completed care journey,P4
E0003568,0.3285,0,Completed care journey,P4
E0003569,0.6402,1,Review not attended,P3
E0003572,0.6955,1,Medicine not collected,P1
E0003579,0.3664,0,Completed care journey,P4
E0003584,0.5787,1,Medicine not collected,P2
E0003586,0.4182,0,Completed care journey,P4
E0003592,0.3092,0,Completed care journey,P4
E0003602,0.535,1,Medicine not collected,P2
E0003604,0.4784,0,Completed care journey,P4
E0003605,0.4168,0,Completed care journey,P4
E0003607,0.5378,1,Medicine not collected,P2
E0003614,0.6831,1,Review not attended,P3
E0003620,0.6024,1,Medicine not collected,P2
E0003629,0.3345,0,Completed care journey,P4
E0003630,0.4387,0,Completed care journey,P4
E0003632,0.5816,1,Medicine not collected,P2
E0003636,0.6006,1,Medicine not collected,P2
E0003642,0.5709,1,Review not attended,P3
E0003647,0.5203,1,Medicine not collected,P3
E0003657,0.6741,1,Medicine not collected,P1
E0003658,0.3565,0,Completed care journey,P4
E0003659,0.63,1,Medicine not collected,P1
E0003662,0.456,0,Completed care journey,P4
E0003663,0.4678,0,Completed care journey,P4
E0003672,0.3946,0,Completed care journey,P4
E0003673,0.4309,0,Completed care journey,P4
E0003677,0.6308,1,Medicine not collected,P1
E0003692,0.6647,1,Medicine not collected,P1
E0003693,0.5357,1,Test not completed,P3
E0003703,0.6682,1,Medicine not collected,P1
E0003705,0.4391,0,Completed care journey,P4
E0003717,0.3783,0,Completed care journey,P4
E0003721,0.5943,1,Medicine not collected,P2
E0003741,0.4206,0,Completed care journey,P4
E0003746,0.5213,1,Medicine not collected,P3
E0003748,0.6985,1,Medicine not collected,P1
E0003752,0.3373,0,Completed care journey,P4
E0003753,0.4151,0,Completed care journey,P4
E0003755,0.2929,0,Completed care journey,P4
E0003758,0.4047,0,Completed care journey,P4
E0003761,0.2896,0,Completed care journey,P4
E0003763,0.6168,1,Medicine not collected,P2
E0003769,0.5763,1,Review not attended,P3
E0003771,0.4375,0,Completed care journey,P4
E0003774,0.713,1,Medicine not collected,P1
E0003775,0.6652,1,Review not attended,P3
E0003777,0.602,1,Medicine not collected,P2
E0003780,0.6511,1,Medicine not collected,P1
E0003785,0.549,1,Medicine not collected,P2
E0003788,0.6766,1,Medicine not collected,P1
E0003791,0.622,1,Medicine not collected,P1
E0003797,0.6744,1,Medicine not collected,P1
E0003798,0.1801,0,Completed care journey,P4
E0003805,0.4471,0,Completed care journey,P4
E0003806,0.4908,0,Medicine not collected,P3
E0003807,0.6594,1,Review not attended,P3
E0003812,0.406,0,Completed care journey,P4
E0003815,0.1898,0,Completed care journey,P4
E0003819,0.5244,1,Medicine not collected,P3
E0003824,0.6167,1,Medicine not collected,P2
E0003825,0.4254,0,Completed care journey,P4
E0003829,0.4507,0,Completed care journey,P4
E0003832,0.1795,0,Completed care journey,P4
E0003842,0.5039,1,Review not attended,P3
E0003847,0.4867,0,Test not completed,P3
E0003849,0.3279,0,Completed care journey,P4
E0003851,0.6497,1,Medicine not collected,P1
E0003852,0.5794,1,Review not attended,P3
E0003854,0.4172,0,Completed care journey,P4
E0003855,0.4348,0,Completed care journey,P4
E0003857,0.6577,1,Medicine not collected,P1
E0003858,0.7041,1,Medicine not collected,P1
E0003860,0.4918,0,Medicine not collected,P3
E0003867,0.1959,0,Completed care journey,P4
E0003871,0.3896,0,Completed care journey,P4
E0003873,0.5773,1,Medicine not collected,P2
E0003876,0.5251,1,Medicine not collected,P3
E0003877,0.6449,1,Medicine not collected,P1
E0003879,0.5872,1,Medicine not collected,P2
E0003882,0.5269,1,Medicine not collected,P3
E0003884,0.2914,0,Completed care journey,P4
E0003885,0.6663,1,Test not completed,P3
E0003886,0.5964,1,Medicine not collected,P2
E0003896,0.4197,0,Completed care journey,P4
E0003907,0.5222,1,Medicine not collected,P3
E0003908,0.5765,1,Medicine not collected,P2
E0003912,0.3087,0,Completed care journey,P4
E0003916,0.4899,0,Medicine not collected,P3
E0003930,0.6561,1,Medicine not collected,P1
E0003933,0.4594,0,Completed care journey,P4
E0003942,0.6647,1,Medicine not collected,P1
E0003944,0.4462,0,Completed care journey,P4
E0003949,0.5931,1,Medicine not collected,P2
E0003958,0.601,1,Review not attended,P3
E0003959,0.1823,0,Completed care journey,P4
E0003964,0.3911,0,Completed care journey,P4
E0003965,0.5661,1,Medicine not collected,P2
E0003969,0.521,1,Test not completed,P3
E0003970,0.5916,1,Medicine not collected,P2
E0003971,0.6615,1,Medicine not collected,P1
E0003972,0.3928,0,Completed care journey,P4
E0003974,0.3944,0,Completed care journey,P4
E0003975,0.5943,1,Medicine not collected,P2
E0003982,0.3312,0,Completed care journey,P4
E0003983,0.3613,0,Completed care journey,P4
E0003984,0.6607,1,Medicine not collected,P1
E0003986,0.5842,1,Medicine not collected,P2
E0003989,0.6039,1,Review not attended,P3
E0003996,0.409,0,Completed care journey,P4
E0004001,0.4486,0,Completed care journey,P4
E0004004,0.3921,0,Completed care journey,P4
E0004006,0.577,1,Medicine not collected,P2
E0004011,0.5572,1,Medicine not collected,P2
E0004012,0.6605,1,Review not attended,P3
E0004015,0.5993,1,Test not completed,P3
E0004017,0.5041,1,Medicine not collected,P3
E0004019,0.2934,0,Completed care journey,P4
E0004020,0.3198,0,Completed care journey,P4
E0004028,0.6424,1,Medicine not collected,P1
E0004033,0.5827,1,Medicine not collected,P2
E0004036,0.3553,0,Completed care journey,P4
E0004041,0.5052,1,Medicine not collected,P3
E0004042,0.5048,1,Review not attended,P3
E0004044,0.5885,1,Review not attended,P3
E0004045,0.6143,1,Medicine not collected,P2
E0004050,0.2745,0,Completed care journey,P4
E0004054,0.4734,0,Completed care journey,P4
E0004059,0.4331,0,Completed care journey,P4
E0004061,0.6236,1,Medicine not collected,P1
E0004067,0.4867,0,Medicine not collected,P3
E0004073,0.6796,1,Medicine not collected,P1
E0004074,0.398,0,Completed care journey,P4
E0004076,0.4148,0,Completed care journey,P4
E0004079,0.6321,1,Medicine not collected,P1
E0004081,0.6722,1,Medicine not collected,P1
E0004086,0.53,1,Medicine not collected,P2
E0004087,0.3225,0,Completed care journey,P4
E0004089,0.5757,1,Medicine not collected,P2
E0004090,0.3739,0,Completed care journey,P4
E0004095,0.6312,1,Medicine not collected,P1
E0004096,0.1756,0,Completed care journey,P4
E0004111,0.2016,0,Completed care journey,P4
E0004115,0.6893,1,Medicine not collected,P1
E0004118,0.6349,1,Medicine not collected,P1
E0004120,0.4801,0,Completed care journey,P4
E0004121,0.6214,1,Test not completed,P3
E0004125,0.4146,0,Completed care journey,P4
E0004128,0.6892,1,Medicine not collected,P1
E0004135,0.5951,1,Medicine not collected,P2
E0004139,0.3111,0,Completed care journey,P4
E0004142,0.4426,0,Completed care journey,P4
E0004143,0.6675,1,Medicine not collected,P1
E0004150,0.6114,1,Medicine not collected,P2
E0004151,0.3033,0,Completed care journey,P4
E0004152,0.5278,1,Review not attended,P3
E0004156,0.4811,0,Completed care journey,P4
E0004168,0.6587,1,Medicine not collected,P1
E0004169,0.4421,0,Completed care journey,P4
E0004170,0.2855,0,Completed care journey,P4
E0004171,0.3037,0,Completed care journey,P4
E0004174,0.3997,0,Completed care journey,P4
E0004182,0.662,1,Medicine not collected,P1
E0004191,0.6257,1,Medicine not collected,P1
E0004194,0.3435,0,Completed care journey,P4
E0004199,0.361,0,Completed care journey,P4
E0004200,0.3367,0,Completed care journey,P4
E0004207,0.3025,0,Completed care journey,P4
E0004213,0.3616,0,Completed care journey,P4
E0004214,0.6936,1,Medicine not collected,P1
E0004216,0.444,0,Completed care journey,P4
E0004226,0.4908,0,Review not attended,P3
E0004227,0.5114,1,Test not completed,P3
E0004228,0.3228,0,Completed care journey,P4
E0004230,0.4252,0,Completed care journey,P4
E0004235,0.5302,1,Medicine not collected,P2
E0004239,0.6538,1,Medicine not collected,P1
E0004241,0.1999,0,Completed care journey,P4
E0004242,0.6219,1,Test not completed,P3
E0004247,0.4443,0,Completed care journey,P4
E0004248,0.4339,0,Completed care journey,P4
E0004260,0.2851,0,Completed care journey,P4
E0004261,0.5694,1,Medicine not collected,P2
E0004263,0.43,0,Completed care journey,P4
E0004269,0.5985,1,Review not attended,P3
E0004272,0.3698,0,Completed care journey,P4
E0004277,0.5658,1,Test not completed,P3
E0004281,0.6969,1,Medicine not collected,P1
E0004282,0.5501,1,Medicine not collected,P2
E0004288,0.3116,0,Completed care journey,P4
E0004293,0.5276,1,Medicine not collected,P3
E0004294,0.5073,1,Review not attended,P3
E0004296,0.2956,0,Completed care journey,P4
E0004297,0.5926,1,Medicine not collected,P2
E0004298,0.505,1,Medicine not collected,P3
E0004300,0.4255,0,Completed care journey,P4
E0004301,0.3034,0,Completed care journey,P4
E0004304,0.4783,0,Completed care journey,P4
E0004305,0.4823,0,Completed care journey,P4
E0004309,0.5475,1,Test not completed,P3
E0004313,0.6965,1,Review not attended,P3
E0004315,0.3145,0,Completed care journey,P4
E0004319,0.2219,0,Completed care journey,P4
E0004321,0.3156,0,Completed care journey,P4
E0004331,0.1679,0,Completed care journey,P4
E0004339,0.3083,0,Completed care journey,P4
E0004340,0.3496,0,Completed care journey,P4
E0004341,0.485,0,Test not completed,P3
E0004342,0.4926,0,Test not completed,P3
E0004348,0.3165,0,Completed care journey,P4
E0004349,0.3879,0,Completed care journey,P4
E0004355,0.3111,0,Completed care journey,P4
E0004366,0.6993,1,Medicine not collected,P1
E0004374,0.3754,0,Completed care journey,P4
E0004375,0.4895,0,Medicine not collected,P3
E0004378,0.5665,1,Review not attended,P3
E0004385,0.6044,1,Medicine not collected,P2
E0004386,0.485,0,Test not completed,P3
E0004390,0.4888,0,Medicine not collected,P3
E0004392,0.2932,0,Completed care journey,P4
E0004398,0.4013,0,Completed care journey,P4
E0004400,0.5812,1,Medicine not collected,P2
E0004403,0.6737,1,Medicine not collected,P1
E0004408,0.3984,0,Completed care journey,P4
E0004411,0.3637,0,Completed care journey,P4
E0004412,0.5177,1,Medicine not collected,P3
E0004415,0.6979,1,Medicine not collected,P1
E0004425,0.51,1,Medicine not collected,P3
E0004426,0.3914,0,Completed care journey,P4
E0004429,0.6582,1,Medicine not collected,P1
E0004439,0.3564,0,Completed care journey,P4
E0004443,0.2892,0,Completed care journey,P4
E0004446,0.373,0,Completed care journey,P4
E0004447,0.2302,0,Completed care journey,P4
E0004449,0.7152,1,Medicine not collected,P1
E0004457,0.6044,1,Medicine not collected,P2
E0004460,0.5221,1,Medicine not collected,P3
E0004463,0.5083,1,Medicine not collected,P3
E0004466,0.4107,0,Completed care journey,P4
E0004467,0.455,0,Completed care journey,P4
E0004469,0.4152,0,Completed care journey,P4
E0004471,0.4344,0,Completed care journey,P4
E0004476,0.598,1,Review not attended,P3
E0004488,0.7158,1,Medicine not collected,P1
E0004494,0.5185,1,Medicine not collected,P3
E0004503,0.6546,1,Medicine not collected,P1
E0004508,0.6142,1,Medicine not collected,P2
E0004509,0.2694,0,Completed care journey,P4
E0004512,0.356,0,Completed care journey,P4
E0004514,0.6793,1,Medicine not collected,P1
E0004517,0.5696,1,Medicine not collected,P2
E0004521,0.5232,1,Medicine not collected,P3
E0004531,0.5028,1,Medicine not collected,P3
E0004533,0.6032,1,Medicine not collected,P2
E0004535,0.5488,1,Medicine not collected,P2
E0004538,0.6952,1,Medicine not collected,P1
E0004541,0.2956,0,Completed care journey,P4
E0004544,0.6199,1,Medicine not collected,P1
E0004545,0.6051,1,Medicine not collected,P2
E0004552,0.6855,1,Medicine not collected,P1
E0004557,0.7126,1,Medicine not collected,P1
E0004561,0.4771,0,Completed care journey,P4
E0004562,0.3861,0,Completed care journey,P4
E0004568,0.4771,0,Completed care journey,P4
E0004569,0.6993,1,Medicine not collected,P1
E0004571,0.4741,0,Completed care journey,P4
E0004572,0.6906,1,Medicine not collected,P1
E0004573,0.5822,1,Medicine not collected,P2
E0004575,0.6666,1,Medicine not collected,P1
E0004576,0.4523,0,Completed care journey,P4
E0004577,0.3942,0,Completed care journey,P4
E0004579,0.1781,0,Completed care journey,P4
E0004580,0.3215,0,Completed care journey,P4
E0004583,0.6531,1,Medicine not collected,P1
E0004593,0.6557,1,Medicine not collected,P1
E0004595,0.5269,1,Medicine not collected,P3
E0004600,0.2626,0,Completed care journey,P4
E0004601,0.6753,1,Review not attended,P3
E0004602,0.4353,0,Completed care journey,P4
E0004605,0.6143,1,Review not attended,P3
E0004613,0.5837,1,Medicine not collected,P2
E0004616,0.4237,0,Completed care journey,P4
E0004624,0.5807,1,Review not attended,P3
E0004627,0.6888,1,Medicine not collected,P1
E0004629,0.4537,0,Completed care journey,P4
E0004630,0.3101,0,Completed care journey,P4
E0004631,0.4733,0,Completed care journey,P4
E0004636,0.4472,0,Completed care journey,P4
E0004645,0.2211,0,Completed care journey,P4
E0004654,0.5114,1,Medicine not collected,P3
E0004657,0.6654,1,Medicine not collected,P1
E0004662,0.4654,0,Completed care journey,P4
E0004664,0.4476,0,Completed care journey,P4
E0004668,0.5221,1,Medicine not collected,P3
E0004672,0.2981,0,Completed care journey,P4
E0004680,0.5527,1,Medicine not collected,P2
E0004681,0.5389,1,Medicine not collected,P2
E0004685,0.4426,0,Completed care journey,P4
E0004686,0.4376,0,Completed care journey,P4
E0004690,0.6528,1,Medicine not collected,P1
E0004693,0.5066,1,Medicine not collected,P3
E0004697,0.3462,0,Completed care journey,P4
E0004700,0.423,0,Completed care journey,P4
E0004706,0.187,0,Completed care journey,P4
E0004712,0.5769,1,Medicine not collected,P2
E0004715,0.4488,0,Completed care journey,P4
E0004717,0.4737,0,Completed care journey,P4
E0004718,0.6614,1,Review not attended,P3
E0004720,0.5345,1,Medicine not collected,P2
E0004728,0.64,1,Review not attended,P3
E0004731,0.4875,0,Medicine not collected,P3
E0004737,0.5811,1,Medicine not collected,P2
E0004740,0.3938,0,Completed care journey,P4
E0004747,0.2898,0,Completed care journey,P4
E0004754,0.425,0,Completed care journey,P4
E0004762,0.3542,0,Completed care journey,P4
E0004764,0.6676,1,Medicine not collected,P1
E0004766,0.4841,0,Review not attended,P3
E0004769,0.3737,0,Completed care journey,P4
E0004770,0.6293,1,Medicine not collected,P1
E0004773,0.6314,1,Medicine not collected,P1
E0004776,0.6888,1,Test not completed,P3
E0004785,0.6768,1,Review not attended,P3
E0004787,0.2572,0,Completed care journey,P4
E0004791,0.6837,1,Medicine not collected,P1
E0004794,0.4899,0,Test not completed,P3
E0004796,0.3738,0,Completed care journey,P4
E0004807,0.5577,1,Test not completed,P3
E0004809,0.6774,1,Medicine not collected,P1
E0004816,0.4356,0,Completed care journey,P4
E0004818,0.3124,0,Completed care journey,P4
E0004822,0.5072,1,Test not completed,P3
E0004826,0.3673,0,Completed care journey,P4
E0004828,0.726,1,Medicine not collected,P1
E0004834,0.419,0,Completed care journey,P4
E0004835,0.4694,0,Completed care journey,P4
E0004836,0.5254,1,Medicine not collected,P3
E0004844,0.6019,1,Medicine not collected,P2
E0004853,0.2839,0,Completed care journey,P4
E0004863,0.5175,1,Medicine not collected,P3
E0004872,0.6069,1,Medicine not collected,P2
E0004875,0.3471,0,Completed care journey,P4
E0004877,0.132,0,Completed care journey,P4
E0004882,0.5164,1,Test not completed,P3
E0004885,0.6114,1,Review not attended,P3
E0004895,0.5608,1,Medicine not collected,P2
E0004896,0.67,1,Medicine not collected,P1
E0004899,0.4778,0,Completed care journey,P4
E0004903,0.4019,0,Completed care journey,P4
E0004905,0.1578,0,Completed care journey,P4
E0004907,0.4602,0,Completed care journey,P4
E0004908,0.4874,0,Medicine not collected,P3
E0004916,0.4763,0,Completed care journey,P4
E0004923,0.1921,0,Completed care journey,P4
E0004927,0.1391,0,Completed care journey,P4
E0004930,0.5705,1,Medicine not collected,P2
E0004934,0.6388,1,Review not attended,P3
E0004938,0.4528,0,Completed care journey,P4
E0004940,0.461,0,Completed care journey,P4
E0004948,0.5511,1,Medicine not collected,P2
E0004951,0.5919,1,Medicine not collected,P2
E0004955,0.4979,0,Medicine not collected,P3
E0004956,0.432,0,Completed care journey,P4
E0004962,0.4725,0,Completed care journey,P4
E0004969,0.4055,0,Completed care journey,P4
E0004970,0.7194,1,Medicine not collected,P1
E0004979,0.2887,0,Completed care journey,P4
E0004981,0.1294,0,Completed care journey,P4
E0004983,0.417,0,Completed care journey,P4
E0004985,0.3898,0,Completed care journey,P4
E0004986,0.3529,0,Completed care journey,P4
E0004990,0.3189,0,Completed care journey,P4
E0004991,0.4371,0,Completed care journey,P4
E0004993,0.3051,0,Completed care journey,P4
E0004994,0.6717,1,Medicine not collected,P1
E0004995,0.3635,0,Completed care journey,P4
E0004996,0.44,0,Completed care journey,P4
E0004998,0.6667,1,Medicine not collected,P1
E0005001,0.423,0,Completed care journey,P4
E0005002,0.6137,1,Medicine not collected,P2
E0005005,0.5427,1,Medicine not collected,P2
E0005013,0.4407,0,Completed care journey,P4
E0005015,0.3064,0,Completed care journey,P4
E0005023,0.4553,0,Completed care journey,P4
E0005025,0.4287,0,Completed care journey,P4
E0005026,0.5249,1,Medicine not collected,P3
E0005027,0.3415,0,Completed care journey,P4
E0005030,0.604,1,Test not completed,P3
E0005031,0.3493,0,Completed care journey,P4
E0005035,0.5413,1,Medicine not collected,P2
E0005037,0.3331,0,Completed care journey,P4
E0005039,0.2979,0,Completed care journey,P4
E0005042,0.2817,0,Completed care journey,P4
E0005044,0.2813,0,Completed care journey,P4
E0005048,0.5746,1,Medicine not collected,P2
E0005050,0.626,1,Review not attended,P3
E0005059,0.4745,0,Completed care journey,P4
E0005060,0.6659,1,Review not attended,P3
E0005061,0.3996,0,Completed care journey,P4
E0005070,0.6567,1,Medicine not collected,P1
E0005071,0.4129,0,Completed care journey,P4
E0005072,0.4449,0,Completed care journey,P4
E0005077,0.6511,1,Review not attended,P3
E0005078,0.5515,1,Medicine not collected,P2
E0005079,0.4249,0,Completed care journey,P4
E0005080,0.4706,0,Completed care journey,P4
E0005085,0.7303,1,Medicine not collected,P1
E0005088,0.6342,1,Review not attended,P3
E0005091,0.6706,1,Medicine not collected,P1
E0005095,0.4156,0,Completed care journey,P4
E0005097,0.4748,0,Completed care journey,P4
E0005098,0.6547,1,Medicine not collected,P1
E0005106,0.393,0,Completed care journey,P4
E0005108,0.3622,0,Completed care journey,P4
E0005110,0.3164,0,Completed care journey,P4
E0005111,0.4838,0,Medicine not collected,P3
E0005114,0.4594,0,Completed care journey,P4
E0005119,0.6348,1,Medicine not collected,P1
E0005122,0.6641,1,Medicine not collected,P1
E0005124,0.3209,0,Completed care journey,P4
E0005130,0.4903,0,Test not completed,P3
E0005137,0.4147,0,Completed care journey,P4
E0005140,0.6484,1,Medicine not collected,P1
E0005141,0.3036,0,Completed care journey,P4
E0005146,0.5232,1,Medicine not collected,P3
E0005150,0.6244,1,Medicine not collected,P1
E0005151,0.5455,1,Medicine not collected,P2
E0005152,0.4016,0,Completed care journey,P4
E0005156,0.5535,1,Medicine not collected,P2
E0005165,0.6826,1,Medicine not collected,P1
E0005169,0.3629,0,Completed care journey,P4
E0005171,0.2937,0,Completed care journey,P4
E0005176,0.4279,0,Completed care journey,P4
E0005182,0.7279,1,Medicine not collected,P1
E0005191,0.1612,0,Completed care journey,P4
E0005192,0.6,1,Medicine not collected,P2
E0005193,0.6488,1,Medicine not collected,P1
E0005197,0.4211,0,Completed care journey,P4
E0005199,0.443,0,Completed care journey,P4
E0005200,0.4711,0,Completed care journey,P4
E0005203,0.4661,0,Completed care journey,P4
E0005204,0.2944,0,Completed care journey,P4
E0005205,0.66,1,Medicine not collected,P1
E0005207,0.4255,0,Completed care journey,P4
E0005208,0.3322,0,Completed care journey,P4
E0005219,0.6617,1,Medicine not collected,P1
E0005220,0.5472,1,Review not attended,P3
E0005222,0.4857,0,Review not attended,P3
E0005230,0.2792,0,Completed care journey,P4
E0005237,0.4355,0,Completed care journey,P4
E0005239,0.3629,0,Completed care journey,P4
E0005250,0.4451,0,Completed care journey,P4
E0005252,0.4108,0,Completed care journey,P4
E0005255,0.552,1,Medicine not collected,P2
E0005258,0.4288,0,Completed care journey,P4
E0005259,0.6126,1,Medicine not collected,P2
E0005261,0.6884,1,Medicine not collected,P1
E0005270,0.2375,0,Completed care journey,P4
E0005274,0.5124,1,Medicine not collected,P3
E0005276,0.6257,1,Review not attended,P3
E0005279,0.5825,1,Medicine not collected,P2
E0005280,0.3193,0,Completed care journey,P4
E0005297,0.2999,0,Completed care journey,P4
E0005299,0.654,1,Medicine not collected,P1
E0005300,0.4418,0,Completed care journey,P4
E0005302,0.6552,1,Review not attended,P3
E0005305,0.4237,0,Completed care journey,P4
E0005306,0.3289,0,Completed care journey,P4
E0005313,0.5365,1,Review not attended,P3
E0005314,0.5137,1,Medicine not collected,P3
E0005315,0.196,0,Completed care journey,P4
E0005327,0.5847,1,Medicine not collected,P2
E0005329,0.7122,1,Medicine not collected,P1
E0005335,0.4614,0,Completed care journey,P4
E0005336,0.4376,0,Completed care journey,P4
E0005337,0.4904,0,Test not completed,P3
E0005348,0.557,1,Medicine not collected,P2
E0005354,0.1893,0,Completed care journey,P4
E0005355,0.5638,1,Medicine not collected,P2
E0005362,0.178,0,Completed care journey,P4
E0005363,0.55,1,Review not attended,P3
E0005364,0.574,1,Review not attended,P3
E0005365,0.5891,1,Review not attended,P3
E0005366,0.413,0,Completed care journey,P4
E0005371,0.6288,1,Medicine not collected,P1
E0005376,0.6618,1,Review not attended,P3
E0005377,0.4505,0,Completed care journey,P4
E0005387,0.5477,1,Test not completed,P3
E0005390,0.4375,0,Completed care journey,P4
E0005391,0.5639,1,Review not attended,P3
E0005397,0.6531,1,Medicine not collected,P1
E0005399,0.5147,1,Review not attended,P3
E0005404,0.6379,1,Medicine not collected,P1
E0005407,0.6248,1,Medicine not collected,P1
E0005408,0.3868,0,Completed care journey,P4
E0005412,0.4928,0,Medicine not collected,P3
E0005415,0.5527,1,Review not attended,P3
E0005418,0.6201,1,Medicine not collected,P1
E0005420,0.545,1,Medicine not collected,P2
E0005427,0.5847,1,Review not attended,P3
E0005428,0.6897,1,Test not completed,P3
E0005432,0.3543,0,Completed care journey,P4
E0005434,0.5445,1,Medicine not collected,P2
E0005438,0.6298,1,Review not attended,P3
E0005439,0.2911,0,Completed care journey,P4
E0005447,0.3513,0,Completed care journey,P4
E0005449,0.6937,1,Medicine not collected,P1
E0005453,0.436,0,Completed care journey,P4
E0005457,0.5423,1,Medicine not collected,P2
E0005459,0.4572,0,Completed care journey,P4
E0005464,0.4253,0,Completed care journey,P4
E0005465,0.3016,0,Completed care journey,P4
E0005467,0.5379,1,Medicine not collected,P2
E0005469,0.3388,0,Completed care journey,P4
E0005472,0.42,0,Completed care journey,P4
E0005476,0.3978,0,Completed care journey,P4
E0005478,0.5556,1,Medicine not collected,P2
E0005479,0.6904,1,Medicine not collected,P1
E0005480,0.6379,1,Medicine not collected,P1
E0005487,0.2943,0,Completed care journey,P4
E0005492,0.6639,1,Medicine not collected,P1
E0005497,0.4553,0,Completed care journey,P4
E0005499,0.4754,0,Completed care journey,P4
E0005505,0.3577,0,Completed care journey,P4
