,mean_perm_importance
dist_x_medicine,0.03150479945458674
n_advised,0.02543179756530209
distance_km,0.018220444236759226
review_advised,0.013571971262511598
test_advised,0.008623056666529724
medicine_advised,0.007858391526411379
chief_complaint_Headache,0.0019240879476382922
f_stockout_rate_6m,0.0019036467350951325
gender_F,0.0016287662400892022
facility_cho_count,0.0014067568074947884
f_low_stock_share,0.001405667217816639
last_glucose,0.001379785439075576
mobile_connectivity_Moderate,0.0007470920994680913
mobile_connectivity_Good,0.0007462908340121199
facility_asha_count,0.000697894797817733
hist_episodes,0.0006708933377561066
facility_network_4G intermittent,0.00058050655205788
known_ncd_status_Diabetes,0.0005376776235348074
facility_network_2G/3G,0.00048092387841697226
last_systolic_bp,0.0004457429120605094
hist_review_rate,0.0004195503781294213
connectivity_quality_Fair,0.0003840501786884637
connectivity_quality_Good,0.0003763130096416517
ncd_count,0.00037425840630982143
district___missing__,0.0003133004894265712
