,mean_abs_shap
n_advised,0.046572295409424334
dist_x_medicine,0.04279412918301215
distance_km,0.029160561825261964
medicine_advised,0.024473371271269088
review_advised,0.021860946788554547
test_advised,0.020745825705981293
consult_month,0.006898195695590398
review_due_days,0.0062560585837716405
f_stockout_rate_6m,0.004586044831321955
last_glucose,0.004528276436887679
age,0.00373079544947052
f_low_stock_share,0.0037215084208425896
prior_visits,0.002899255018719429
consult_weekday,0.0026186670085347244
hist_rx_meds,0.0023991836659024122
last_bmi,0.0021968060955920433
duration_min,0.0021944086509954304
known_ncd_status___missing__,0.0021533617386567537
days_since_ncd_screen,0.0021532136453698914
facility_type_HWC,0.002129680451647032
facility_network_4G reliable,0.0021179576609408122
district_Mahabubnagar,0.0020511861467249195
village_pop,0.0018966082047202884
diagnosis_group_Gastrointestinal,0.0018007653782705327
prior_outreach,0.0017320230164577142
